run_index,Latency,Throughput,gc_collection_count,gc_collection_time,jvm_loaded_class_count,jvm_total_loaded_class_count,last_gc_info_duration,memory_heap_usage_used,memory_non_heap_usage_used,network_request_FetchConsumer_ResponseSendTimeMs,network_request_FetchConsumer_TotalTimeMs,network_request_Produce_ResponseSendTimeMs,network_request_Produce_TemporaryMemoryBytes,network_request_Produce_TotalTimeMs,network_socket_FetchConsumer_NetworkProcessorAvgIdlePercent,network_socket_FetchConsumer_RequestHandlerAvgIdlePercent,os_committed_vm_size,os_open_fd_count,os_process_cpu_load,os_process_cpu_time,os_system_cpu_load,server_broker_topics_AllTopicsBytesIn,server_broker_topics_AllTopicsBytesOut,server_broker_topics_AllTopicsMessagesIn,server_broker_topics_TotalFetchRequestsPerSec,server_broker_topics_TotalProduceRequestsPerSec,server_purgatory_NumDelayedFetchRequests,threading_thread_count
0,2.82,0.03,8.0,108.0,7028.45,7152.4,14.37,200720691.31,63204205.79,122154.5,122145.5,10939.5,1440.05,10939.5,0.93,0.99,8338294240.03,189.42,0.01,21334000000.0,0.59,5797.56,297250.26,17.33,106.29,11.58,45.13,68.64
1,2.52,0.73,8.3,162.2,7018.24,7139.1,12.26,203575770.78,63101826.4,132114.5,132114.5,16541.0,992.03,16541.0,0.88,0.99,8336283380.87,189.69,0.01,22690000000.0,0.64,6416.0,314065.01,19.42,126.2,19.3,44.93,68.5
2,3.03,0.03,7.6,105.0,7004.73,7145.5,13.76,195086598.91,62849525.74,125300.0,125296.5,8281.0,1890.44,8281.0,0.9,0.99,8330068453.29,188.96,0.01,21187000000.0,0.57,5521.57,252087.58,19.71,106.16,10.02,50.69,68.42
3,2.83,0.03,8.3,104.6,7008.5,7149.0,16.36,192551929.14,63119155.88,119979.5,119974.0,16384.0,997.45,16384.0,0.91,0.99,8333318180.36,188.82,0.01,21634000000.0,0.61,5832.94,291831.2,17.71,101.5,17.52,43.03,68.61
4,2.06,0.03,6.4,96.8,6985.78,7119.3,22.8,188984914.72,62201499.45,139645.0,139636.0,10993.0,1778.39,10993.0,0.91,0.99,8333462667.5,185.48,0.01,17792000000.0,0.53,5692.55,510629.92,18.82,114.22,11.09,52.1,68.12
5,1.93,0.04,8.5,107.5,7007.05,7138.0,14.8,195064235.33,63116323.57,123447.0,123439.0,16380.5,991.71,16380.5,0.91,0.99,8334661073.99,189.77,0.01,21897000000.0,0.62,9062.9,409043.87,20.3,108.68,20.17,44.72,68.53
6,3.08,0.03,7.6,113.5,6993.01,7143.2,19.95,191655988.36,62853627.63,120444.0,120437.5,10811.0,1442.85,10810.5,0.9,0.99,8326912709.41,187.9,0.01,21017000000.0,0.58,6518.72,297508.55,19.78,104.58,13.23,43.44,68.31
7,3.74,0.03,7.5,101.8,6995.67,7131.9,20.52,189373400.27,62879987.47,124129.5,124129.0,8126.0,1926.7,8126.0,0.91,0.99,8333916747.69,188.94,0.01,20966000000.0,0.58,4120.68,176818.4,20.33,108.98,10.15,46.2,68.6
8,3.38,0.03,7.1,109.3,6992.84,7129.4,19.94,195541807.09,62932918.03,123801.5,123801.5,9898.5,1585.25,9898.5,0.91,0.99,8332651534.1,188.79,0.01,21436000000.0,0.58,6252.94,277076.9,20.27,107.6,12.3,46.8,68.53
9,1.55,0.03,7.1,97.7,7000.45,7120.2,17.16,187396710.88,62510459.96,141398.0,141398.0,32878.0,991.04,32878.0,0.93,0.99,8339293430.35,186.89,0.01,18285000000.0,0.55,8390.17,760156.44,19.19,123.52,19.08,49.6,68.24
10,3.15,0.03,8.2,112.1,6985.58,7131.7,19.78,196487266.99,62900203.05,116688.5,116682.5,16371.5,991.6,16371.5,0.9,0.99,8328889809.99,188.42,0.01,21695000000.0,0.61,6400.79,291831.56,19.36,98.13,19.24,48.93,68.29
11,3.63,0.03,7.2,97.4,7000.24,7137.8,12.3,200926173.16,62982929.43,119903.5,119899.5,10886.5,1442.73,10885.5,0.91,0.99,8332832231.51,188.64,0.01,21301000000.0,0.6,4429.86,213438.49,17.97,105.64,12.02,42.3,68.54
12,3.36,0.03,7.2,95.2,7014.21,7143.3,17.04,201513510.82,63082877.56,121190.0,121185.5,11083.0,1421.67,11083.0,0.93,0.99,8333792324.27,189.38,0.01,21206000000.0,0.6,4933.36,224793.34,19.83,106.01,13.43,45.52,68.62
13,3.33,0.03,7.8,115.4,7022.76,7152.3,14.62,196290702.89,63177061.98,123205.5,123201.5,8327.5,1895.23,8327.5,0.92,0.99,8334360884.68,189.59,0.01,21064000000.0,0.58,5590.75,256866.8,20.0,108.03,10.13,45.31,68.63
14,2.83,0.77,7.9,118.0,6999.6,7137.2,16.51,203167922.8,63040161.19,131904.5,131904.5,16463.5,990.91,16463.5,0.91,0.99,8333521242.53,188.84,0.01,22004000000.0,0.64,6579.88,296079.96,19.9,112.43,19.79,47.66,68.59
15,3.85,0.03,7.3,111.3,7007.99,7152.7,19.02,199978270.5,63004960.4,122446.0,122443.5,10959.5,1436.88,10959.5,0.91,0.99,8330962723.91,188.15,0.01,21716000000.0,0.6,4473.51,223846.19,18.14,106.62,12.14,45.12,68.49
16,3.12,0.74,8.0,103.4,6989.98,7138.4,10.96,205499804.28,62892979.07,130619.5,130617.5,16424.5,990.92,16424.5,0.91,0.99,8329637258.76,188.19,0.01,21989000000.0,0.63,6409.41,285834.02,19.38,109.0,19.27,45.87,68.47
17,2.87,0.65,7.2,96.6,7004.16,7153.8,16.92,206023514.0,62913020.07,137169.0,137167.0,8272.5,1892.62,8272.5,0.9,0.99,8329092403.2,188.88,0.01,21226000000.0,0.59,4839.19,241879.06,17.29,112.53,8.78,45.51,68.38
18,3.32,0.03,7.4,91.7,6999.89,7139.4,17.18,197951523.33,63057993.54,122245.0,122245.0,10912.5,1444.41,10912.5,0.91,0.99,8332693830.49,189.09,0.01,21250000000.0,0.59,5067.47,220462.51,20.56,107.57,13.75,43.2,68.57
19,2.84,0.03,7.2,98.6,7028.94,7154.0,15.3,218264211.97,63283609.5,127135.0,127135.0,10998.0,1437.02,10998.0,0.93,0.99,8337120276.78,189.81,0.01,21321000000.0,0.59,6729.71,303785.6,20.06,112.34,13.45,47.63,68.58
20,3.4,0.03,7.2,101.4,6997.08,7135.1,17.64,200156248.41,62918572.73,121754.0,121747.5,10918.0,1445.86,10918.0,0.91,0.99,8332491286.26,188.8,0.01,21205000000.0,0.59,4584.7,222154.26,18.61,108.9,12.44,43.9,68.56
21,1.29,0.05,7.5,95.8,6991.19,7125.0,12.46,202273698.04,63151502.34,121695.5,121691.5,10863.5,,10863.5,0.91,0.99,8332111959.56,188.75,0.01,21870000000.0,0.59,18499.44,828723.91,19.28,105.0,12.89,45.05,68.38
22,1.93,0.04,7.9,117.9,7026.92,7144.3,18.88,194687914.28,63265091.72,123705.0,123700.5,16511.5,991.94,16511.5,0.93,0.99,8340769830.05,190.07,0.01,22101000000.0,0.6,8798.59,407315.05,20.12,112.84,20.01,47.96,68.6
23,3.12,0.03,7.2,88.2,7019.21,7142.6,14.77,198175896.09,63254923.13,122821.5,122819.5,11009.5,1441.2,11009.0,0.93,0.99,8333865702.03,189.86,0.01,21847000000.0,0.6,4716.79,216439.76,19.13,104.81,12.8,44.95,68.62
24,1.21,0.05,8.1,114.6,6993.32,7128.2,16.55,193296536.1,63169765.77,124432.5,124432.5,16376.0,,16376.0,0.91,0.99,8333013282.88,188.54,0.01,22376000000.0,0.61,20237.61,923328.95,20.65,113.15,20.39,51.31,68.39
25,2.89,0.03,8.05,111.55,7001.57,7140.2,18.02,195909687.75,63059049.7,120793.0,120790.75,16464.0,991.16,16464.0,0.91,0.99,8330953529.45,188.34,0.01,21988000000.0,0.61,6533.81,298090.9,19.76,106.68,19.65,47.85,68.42
26,2.46,0.74,7.3,102.2,7003.87,7138.8,15.15,201660199.2,62951582.48,133696.0,133691.0,10816.0,1452.18,10815.5,0.92,0.99,8333471001.97,189.14,0.01,21822000000.0,0.6,6542.07,291619.45,19.93,117.24,13.26,43.55,68.57
27,2.53,0.98,8.1,114.4,7008.01,7145.1,17.8,191857727.03,63208261.25,134094.5,134089.5,16313.0,998.1,16312.5,0.91,0.99,8333927504.14,189.5,0.01,22184000000.0,0.61,7611.18,375799.92,17.49,114.55,17.28,42.23,68.58
28,3.36,0.03,6.9,107.8,7019.66,7144.4,19.47,204446213.05,63257611.18,122713.5,122706.5,10971.0,1437.46,10971.0,0.93,0.99,8339433252.36,190.35,0.01,21373000000.0,0.6,4455.67,220492.19,18.06,110.9,12.09,44.02,68.74
29,1.15,0.05,8.2,108.1,6989.73,7127.2,13.81,189730151.97,63206430.62,123142.5,123140.5,16443.0,,16443.0,0.91,0.99,8331896570.81,188.74,0.01,22471000000.0,0.61,20634.83,943289.67,21.05,114.55,20.93,44.79,68.38
30,2.26,0.04,8.1,115.0,7004.55,7136.9,16.72,188862230.99,63137351.11,120385.5,120377.0,16260.0,991.11,16259.5,0.91,0.99,8334644725.61,189.26,0.01,21919000000.0,0.6,8487.13,379232.99,19.41,102.57,19.3,44.41,68.51
31,2.6,0.02,6.4,77.8,6996.04,7119.3,14.45,193083107.09,62377150.44,141694.0,141684.0,10948.0,1764.32,10948.0,0.93,0.99,8334898511.4,186.58,0.01,18064000000.0,0.52,4416.37,387480.77,19.5,125.04,11.53,49.77,68.17
32,3.36,0.03,7.6,91.5,7026.4,7151.4,13.09,189400868.28,63097081.57,124614.5,124612.0,8304.5,1896.19,8304.5,0.93,0.99,8338382527.44,190.45,0.01,21281000000.0,0.59,4019.7,179591.95,19.63,112.37,9.96,44.17,68.68
33,2.55,0.04,7.12,98.62,6998.25,7130.12,17.67,184646999.07,62578778.47,119509.0,119501.0,16382.0,992.58,16381.0,0.92,0.99,8335150328.58,189.62,0.01,19023750000.0,0.6,5876.46,405241.63,13.52,69.24,13.38,45.37,68.89
34,3.09,0.03,8.3,124.6,6999.05,7142.4,20.18,198415703.54,63015439.67,120043.5,120034.0,10817.5,1449.34,10816.5,0.91,0.99,8332547091.29,189.05,0.01,21344000000.0,0.58,6816.31,300509.68,20.38,107.38,13.59,43.43,68.54
35,2.76,0.03,7.4,101.9,7000.43,7135.5,18.23,196031602.63,62999837.73,123353.0,123347.0,10938.5,1440.97,10938.0,0.91,0.99,8334107003.92,189.38,0.01,21034000000.0,0.58,6833.24,302554.62,20.7,111.36,13.88,44.83,68.59
36,2.32,0.95,8.1,104.0,7002.77,7144.4,15.02,199168872.72,63184550.69,136999.5,136999.5,16495.0,992.29,16495.0,0.91,0.99,8332793240.86,188.79,0.01,22423000000.0,0.61,7953.5,395410.46,18.2,118.01,18.07,47.95,68.45
37,3.26,0.49,7.8,128.8,6990.0,7131.5,22.01,187373963.54,62910096.15,134780.0,134779.5,8380.0,1865.61,8380.0,0.91,0.99,8331697994.2,188.71,0.01,21606000000.0,0.59,4090.4,178468.83,19.79,114.91,10.19,44.33,68.48
38,3.71,0.03,7.5,109.5,7005.56,7144.5,20.35,194136317.47,62926524.11,122263.0,122256.0,10932.5,1440.99,10932.5,0.91,0.99,8332840443.55,188.88,0.01,21429000000.0,0.58,4911.88,213305.75,19.91,106.6,13.34,42.91,68.56
39,3.41,0.49,7.1,110.5,6997.25,7137.1,22.18,197203394.76,62882420.21,135965.0,135957.0,8252.5,1899.0,8252.5,0.91,0.99,8331187683.8,189.1,0.01,21292000000.0,0.59,3629.43,178962.17,17.74,118.13,8.99,46.9,68.51
40,2.58,0.04,8.4,120.9,7008.15,7139.3,16.97,204435873.62,63183363.36,121679.0,121677.5,16415.0,991.12,16415.0,0.91,0.99,8333801234.55,188.97,0.01,21843000000.0,0.59,8713.29,384854.53,19.51,102.63,19.4,46.35,68.48
41,3.72,0.53,7.5,104.1,7001.59,7136.5,14.92,194817083.34,62949079.55,134118.0,134115.0,9671.5,1617.33,9671.5,0.91,0.99,8333403156.78,189.13,0.01,21553000000.0,0.59,3869.27,190640.27,17.03,110.66,10.13,42.09,68.55
42,2.25,0.04,7.9,107.2,6997.19,7134.5,18.38,198222715.45,63089283.35,123535.0,123532.0,16409.0,990.9,16409.0,0.92,0.99,8333553291.5,188.71,0.01,21683000000.0,0.57,9028.12,405290.61,20.63,111.15,20.52,44.32,68.51
43,1.2,2.05,7.55,111.2,6980.11,7120.15,15.48,190147093.13,62793469.3,138147.67,138142.67,12728.67,,12728.67,0.89,0.99,8331043845.94,187.09,0.01,20580500000.0,0.55,19218.1,1168860.16,19.96,126.22,14.25,49.13,68.16
44,3.02,0.58,7.6,99.1,7025.27,7158.0,12.43,197768960.3,63109614.12,136746.0,136743.0,10982.5,1433.15,10982.5,0.93,0.99,8333109918.79,189.2,0.01,21243000000.0,0.59,4789.25,220604.59,19.42,119.42,13.0,48.58,68.58
45,3.09,0.64,7.8,110.9,7017.74,7142.7,17.41,194021125.54,63054845.57,139226.0,139223.5,8355.0,1882.24,8355.0,0.92,0.99,8334379702.54,189.89,0.01,21337000000.0,0.58,5276.49,242841.33,18.83,117.39,9.58,49.81,68.61
46,2.78,0.03,7.7,101.6,7027.94,7150.6,17.73,194151942.2,63222912.24,126032.5,126030.0,11051.5,1421.59,11051.0,0.93,0.99,8335700689.25,190.27,0.01,21213000000.0,0.57,6085.19,312623.69,18.34,114.95,12.39,46.38,68.64
47,1.15,0.05,7.4,107.2,6988.68,7125.3,15.65,203246159.59,63108993.38,124109.0,124109.0,10876.5,,10876.5,0.91,0.99,8331998849.86,188.8,0.01,21636000000.0,0.57,19038.06,870756.25,19.83,110.09,13.25,49.42,68.41
48,2.85,0.75,8.2,103.3,6993.51,7133.7,15.01,196408884.44,62983116.99,131054.5,131047.0,16250.5,991.57,16250.0,0.91,0.99,8330311988.68,188.59,0.01,21720000000.0,0.61,6355.55,294661.2,19.22,114.92,19.11,42.96,68.49
49,2.11,0.04,8.7,141.1,7028.44,7141.5,15.19,206286785.6,63385774.19,124383.5,124378.0,16435.0,991.6,16435.0,0.93,0.99,8341403869.8,190.4,0.01,21992000000.0,0.59,7899.93,395585.88,17.7,110.9,17.59,47.25,68.71
50,3.46,0.03,7.6,94.0,7011.27,7140.7,15.23,192050131.1,62985148.52,120933.5,120930.0,9822.0,1585.8,9822.0,0.93,0.99,8334874303.44,189.1,0.01,21061000000.0,0.59,4510.82,200702.34,19.58,107.65,11.89,45.08,68.5
51,1.21,0.05,7.7,107.7,7005.4,7121.4,14.97,199789140.05,63350153.96,123881.0,123878.0,10981.0,,10981.0,0.93,0.99,8339023308.6,189.71,0.01,22324000000.0,0.61,18551.23,845213.59,19.34,110.23,12.89,50.29,68.55
52,2.71,0.03,7.6,97.7,7027.65,7152.5,12.48,207328528.03,63224559.29,127103.5,127103.5,11070.0,1437.85,11070.0,0.93,0.99,8337188893.68,189.55,0.01,21331000000.0,0.59,6619.65,298974.67,19.74,110.42,13.23,45.33,68.58
53,3.52,0.03,7.8,112.1,7004.87,7134.7,15.51,193277628.23,63055529.89,121337.5,121333.5,10992.5,1426.88,10992.0,0.93,0.99,8337092029.22,190.0,0.01,21373000000.0,0.59,5013.22,223532.74,20.2,111.47,13.64,44.02,68.61
54,3.02,0.03,6.85,107.4,7013.23,7144.95,18.3,204106357.09,63044304.11,117161.0,117156.0,10929.5,1450.99,10929.25,0.92,0.99,8333346709.52,189.22,0.01,21512000000.0,0.68,6560.64,291112.36,19.96,103.0,13.3,44.78,68.44
55,3.34,0.03,7.3,88.8,7013.7,7136.9,14.81,204949697.44,63152386.49,124995.5,124988.5,11015.0,1444.27,11015.0,0.93,0.99,8334081703.7,189.33,0.01,21575000000.0,0.6,4998.39,228003.84,20.3,114.22,13.55,48.66,68.61
56,2.54,0.03,8.0,108.4,7011.77,7134.1,14.32,195008017.54,63251481.47,122272.0,122272.0,16475.5,990.9,16475.5,0.93,0.99,8336709762.6,189.52,0.01,22452000000.0,0.62,6486.97,300427.11,19.61,105.87,19.5,45.23,68.63
57,2.81,0.04,7.6,114.3,7033.54,7149.4,18.18,214048662.9,63283295.31,121115.5,121110.5,16508.0,990.94,16508.0,0.93,0.99,8340414166.11,190.45,0.01,21687000000.0,0.61,6837.15,310547.24,20.67,112.64,20.56,48.47,68.7
58,3.57,0.03,7.4,114.6,7023.8,7143.5,22.45,191745868.67,63209166.29,125541.5,125537.0,8313.0,1896.33,8313.0,0.93,0.99,8340985985.52,190.36,0.01,21410000000.0,0.58,4844.66,233397.26,17.6,110.79,8.93,46.9,68.76
59,1.17,1.98,8.1,109.8,7021.9,7133.8,18.03,192372909.6,63277814.96,138817.5,138814.0,8286.5,,8286.5,0.93,0.99,8340409352.9,190.57,0.01,21853000000.0,0.61,18206.66,836167.72,19.17,124.09,9.71,50.13,68.59
60,1.22,2.01,7.9,108.8,7016.49,7132.7,16.38,196664952.67,63357062.39,137544.0,137538.5,8331.5,,8331.0,0.93,0.99,8338740921.51,190.16,0.01,22450000000.0,0.61,17782.71,812419.21,18.73,119.34,9.5,47.97,68.54
61,0.93,0.04,7.2,77.9,6987.6,7110.9,10.71,185191936.72,62702567.08,138175.0,138175.0,16415.0,,16415.0,0.93,0.99,8336710302.79,186.59,0.01,18850000000.0,0.53,18206.18,1673772.51,18.87,117.94,14.25,52.21,68.12
62,3.5,0.03,7.1,101.3,6988.85,7144.4,17.68,203616448.89,62846587.11,121412.0,121412.0,8253.0,1891.99,8253.0,0.9,0.99,8327899685.84,188.65,0.01,20872000000.0,0.57,4096.78,186208.36,19.99,108.27,10.15,42.97,68.39
63,3.43,0.03,7.6,92.9,7031.29,7160.0,13.77,194165867.71,63202177.34,120664.5,120657.0,8253.0,1893.44,8253.0,0.92,0.99,8333735715.82,189.91,0.01,21384000000.0,0.58,4012.25,183503.35,19.57,106.25,9.95,45.96,68.62
64,3.11,0.03,8.4,101.8,7036.75,7168.0,14.53,232671421.43,64418946.09,124328.0,124325.0,10951.5,1441.86,10951.5,0.93,0.99,8334401678.47,189.32,0.02,27888000000.0,0.59,11243.66,287297.5,34.01,215.57,22.75,43.72,67.67
65,2.78,0.03,7.8,115.2,7014.89,7141.0,20.9,202847226.13,63110548.44,127820.5,127820.5,11012.5,1441.21,11012.5,0.93,0.99,8335025309.31,189.36,0.01,21308000000.0,0.59,6997.03,307575.66,20.87,117.69,13.97,46.33,68.54
66,1.26,2.0,8.3,121.1,7026.02,7148.2,19.11,192528447.19,63452973.75,134874.0,134869.0,10987.0,,10987.0,0.93,0.99,8336682782.42,189.53,0.01,22306000000.0,0.61,17168.75,867306.48,17.89,121.39,11.98,47.52,68.53
67,2.99,0.03,7.4,99.3,7023.05,7150.2,18.29,205471142.92,63108562.22,123575.0,123571.5,8258.5,1890.84,8258.5,0.93,0.99,8337741550.93,190.08,0.01,21113000000.0,0.58,5358.96,246808.34,19.15,106.55,9.72,49.42,68.65
68,3.27,0.03,7.3,95.0,7009.56,7127.0,18.55,198569190.54,63158300.31,121709.0,121703.5,10939.5,1442.38,10939.5,0.93,0.99,8339151621.87,190.58,0.01,21610000000.0,0.6,4875.42,212755.67,19.78,109.32,13.23,48.26,68.68
69,1.17,0.05,8.0,110.0,7020.04,7137.2,19.89,191898824.94,63335198.04,125843.5,125843.5,8281.5,,8281.5,0.93,0.99,8338352106.41,190.24,0.01,21857000000.0,0.59,18841.57,859154.98,19.83,114.45,10.05,47.12,68.52
70,1.14,2.0,8.2,111.2,6987.62,7123.8,16.19,192822021.07,63066941.57,132573.5,132568.5,10776.5,,10776.5,0.91,0.99,8331892331.59,188.8,0.01,21951000000.0,0.61,19408.68,895071.09,20.21,120.11,13.52,48.58,68.35
71,2.22,0.03,6.3,90.6,6993.8,7119.7,14.22,197948811.85,62408538.04,140404.0,140397.0,16451.0,1428.56,16451.0,0.93,0.99,8333902530.41,186.2,0.01,17974000000.0,0.53,5363.08,475936.6,19.92,125.35,15.07,50.17,68.12
72,3.03,0.67,7.8,92.1,7021.74,7143.0,14.08,186969059.55,63113271.27,138272.0,138269.0,8311.0,1891.08,8311.0,0.93,0.99,8338556381.87,190.52,0.01,21339000000.0,0.6,5158.08,232484.21,18.73,118.4,9.51,43.83,68.63
73,1.12,2.0,8.0,103.5,6984.15,7120.5,16.25,198465271.19,62936509.48,134102.5,134096.0,10839.5,,10838.5,0.91,0.99,8332518741.33,188.73,0.01,21885000000.0,0.6,18984.21,872751.01,19.78,118.22,13.24,45.46,68.37
74,3.07,0.78,9.29,111.57,7045.78,7158.86,11.33,208303513.76,64000510.2,135133.5,135129.0,10927.5,1438.89,10926.5,0.93,0.99,8341263492.41,192.47,0.01,24530000000.0,0.6,8121.57,277256.4,24.17,167.47,16.19,45.48,68.95
75,3.42,0.03,7.4,106.5,7012.92,7133.7,20.87,191796028.67,63075152.99,125338.0,125338.0,8289.5,1901.39,8289.5,0.93,0.99,8333851134.52,189.26,0.01,21238000000.0,0.58,3491.25,176509.69,17.09,106.94,8.64,44.77,68.53
76,1.27,0.05,8.0,109.9,6985.26,7123.6,17.24,193787590.55,63005407.27,123778.0,123771.0,8282.0,,8282.0,0.9,0.99,8330426301.22,188.84,0.01,21522000000.0,0.58,19737.37,903619.76,20.76,116.62,10.53,47.72,68.3
77,3.31,0.03,7.5,89.7,7020.88,7148.5,15.45,194532770.73,63233416.52,123545.0,123545.0,10942.0,1441.6,10942.0,0.93,0.99,8336411823.12,189.46,0.01,21552000000.0,0.59,5042.89,218240.78,20.44,112.05,13.68,43.44,68.65
78,3.08,0.03,7.9,97.4,6999.9,7138.7,14.17,206216650.41,63157585.23,119881.0,119878.0,16341.5,990.9,16341.5,0.92,0.99,8333975017.74,188.72,0.01,21832000000.0,0.6,6843.35,301315.1,20.69,107.19,20.58,43.29,68.6
79,2.83,0.03,7.8,103.2,7026.62,7156.5,13.76,201745374.64,63290728.8,125776.5,125774.0,11019.5,1442.43,11019.5,0.93,0.99,8335134743.74,189.28,0.01,21835000000.0,0.59,6737.29,296784.25,20.12,114.23,13.45,49.3,68.53
80,1.27,1.95,8.1,108.2,6991.23,7138.0,16.62,192895401.48,63094440.18,134397.0,134394.0,8254.5,,8254.5,0.91,0.99,8331330384.88,188.73,0.01,21961000000.0,0.6,16948.03,856606.6,17.84,121.4,9.04,46.06,68.38
81,3.44,0.03,7.7,91.0,7015.01,7134.8,14.07,189097363.32,63141818.02,123007.0,123003.0,8374.0,1882.84,8373.5,0.93,0.99,8337981131.32,190.46,0.01,21220000000.0,0.59,3624.15,184055.93,17.63,107.87,9.0,48.87,68.7
82,2.14,0.04,9.0,131.2,7023.88,7141.6,14.15,204143029.75,63325866.77,122284.5,122278.0,16511.0,990.95,16511.0,0.93,0.99,8339775544.66,189.9,0.01,22136000000.0,0.61,8688.48,394707.73,19.46,109.68,19.35,49.23,68.64
83,2.53,0.03,7.4,95.4,7002.64,7142.1,16.0,208473671.75,63059123.07,126222.5,126222.5,10952.0,1442.54,10952.0,0.91,0.99,8332658946.23,188.61,0.01,21227000000.0,0.58,6115.25,308951.39,18.24,111.31,12.21,46.47,68.54
84,3.68,0.5,7.8,103.2,7072.0,7197.0,12.1,195751604.1,63623461.57,142873.0,142867.0,8165.0,1942.52,8165.0,0.93,0.99,8338500705.95,193.53,0.01,21808000000.0,0.61,3374.69,169809.59,16.74,122.93,8.31,43.59,69.96
85,3.19,0.03,7.0,84.7,7005.27,7142.4,14.0,202140517.77,62930171.5,124496.5,124493.5,8285.5,1899.4,8285.5,0.91,0.99,8334911709.12,189.65,0.01,21107000000.0,0.57,5540.29,241681.58,20.14,109.21,10.2,44.88,68.62
86,2.23,0.98,7.6,124.8,7014.49,7135.2,19.27,201254132.93,63231701.84,135313.5,135307.5,16478.0,991.13,16477.5,0.94,0.99,8339715959.47,190.21,0.01,22071000000.0,0.62,8124.88,380928.02,18.59,114.67,18.48,44.12,68.59
87,2.28,1.0,8.6,118.1,7006.87,7147.6,15.96,202501247.74,63097855.81,131931.0,131924.5,16293.5,996.62,16293.5,0.91,0.99,8332386152.63,188.83,0.01,22116000000.0,0.61,7736.72,394288.63,17.37,112.85,17.21,45.34,68.45
88,2.58,0.04,8.2,114.8,7023.76,7142.7,14.4,193562004.01,63331506.95,122690.5,122687.0,16375.5,998.92,16375.5,0.93,0.99,8339788001.04,190.41,0.01,21806000000.0,0.61,8622.03,393153.01,19.8,109.96,19.57,47.5,68.68
89,3.69,0.03,6.8,93.4,6988.06,7137.4,13.28,195266400.46,62806455.45,124061.5,124061.5,8310.0,1894.27,8310.0,0.9,0.99,8328229116.59,188.1,0.01,20813000000.0,0.57,5756.28,260171.72,20.89,111.57,10.61,44.4,68.41
90,1.14,2.03,7.7,111.1,7011.75,7134.1,18.33,204703221.22,63406511.41,136184.0,136180.0,16540.0,,16540.0,0.93,0.99,8335535166.33,189.75,0.01,23001000000.0,0.63,18710.87,855708.72,19.11,119.14,18.95,47.51,68.48
91,2.43,0.76,7.8,99.2,7020.15,7143.7,13.25,202244310.05,63205616.33,137511.5,137511.5,16553.0,993.17,16553.0,0.93,0.99,8337011917.54,189.52,0.01,22111000000.0,0.63,6444.31,286825.24,19.49,117.75,18.93,45.8,68.57
92,3.0,0.03,7.2,90.2,7033.05,7155.8,17.83,194046734.28,63295452.38,127610.0,127610.0,8324.0,1902.47,8324.0,0.93,0.99,8338223148.52,190.4,0.01,21422000000.0,0.58,5005.51,249762.96,18.21,114.92,9.22,43.97,68.7
93,1.25,0.05,8.1,113.1,7025.34,7144.1,13.98,189412279.43,63538697.42,123313.5,123308.5,16481.5,,16481.5,0.93,0.99,8340060681.31,189.96,0.01,22592000000.0,0.62,19213.29,874092.24,19.62,110.5,19.5,47.87,68.59
94,1.99,0.04,7.8,107.0,7029.72,7146.6,15.25,192792971.52,63304965.12,121223.0,121218.5,16420.0,999.53,16420.0,0.93,0.99,8340420586.95,190.42,0.01,21747000000.0,0.6,8656.56,409562.92,19.83,109.24,19.67,44.87,68.6
95,1.16,0.05,8.1,117.5,6989.39,7124.5,20.35,192030335.49,63079343.46,123127.5,123125.5,10808.0,,10807.5,0.91,0.99,8332812598.17,189.09,0.01,22108000000.0,0.59,19101.75,876639.34,19.9,110.34,13.3,45.76,68.39
96,2.59,0.04,5.8,77.6,7047.32,7172.2,17.22,175978303.98,62125095.57,,,,,,0.94,0.99,8341648202.94,191.32,0.01,14810000000.0,0.62,32.86,,0.27,0.59,0.15,46.7,70.33
97,3.32,0.03,7.4,87.8,7021.66,7138.7,14.49,200162376.94,63195461.11,124441.5,124441.5,10999.5,1444.41,10999.5,0.93,0.99,8341420690.92,190.13,0.01,21770000000.0,0.6,4901.7,214850.7,19.91,111.56,13.3,45.4,68.7
98,2.78,0.03,7.7,112.6,7012.22,7126.6,20.34,210268046.22,63186921.85,123748.0,123748.0,16553.0,993.55,16553.0,0.93,0.99,8338803578.43,189.56,0.01,22165000000.0,0.62,6481.65,299785.12,19.63,108.98,19.48,44.7,68.62
99,2.72,0.03,7.4,99.2,7009.59,7132.4,15.96,197298547.84,63185280.47,125725.0,125721.5,11044.0,1438.47,11044.0,0.93,0.99,8335552577.3,189.64,0.01,21800000000.0,0.59,6366.76,285902.12,19.3,110.4,12.94,46.18,68.54
100,0.85,0.04,6.9,87.8,6992.94,7112.5,15.09,193557738.43,62750623.19,139917.0,139908.0,11005.0,,11005.0,0.93,0.99,8337410997.8,187.17,0.01,18802000000.0,0.53,18523.83,1699518.63,19.4,124.58,11.47,56.42,68.23
101,3.36,0.03,7.4,116.5,7012.87,7140.0,20.91,199569932.98,63168536.23,122104.5,122102.5,8313.0,1891.93,8313.0,0.93,0.99,8333714066.92,189.98,0.01,21080000000.0,0.58,4056.68,185622.98,19.78,108.16,10.06,46.22,68.6
102,2.49,0.04,8.8,128.2,7019.71,7143.8,16.99,206164521.09,63315662.3,121595.0,121595.0,16468.5,991.18,16468.5,0.93,0.99,8334313477.94,189.55,0.01,22034000000.0,0.61,8188.05,403762.84,18.33,107.87,18.23,41.86,68.53
103,1.18,0.05,8.4,108.8,7007.85,7133.2,15.96,187185632.48,63316477.39,125893.0,125889.5,10961.5,,10961.5,0.93,0.99,8333723968.56,189.3,0.01,21953000000.0,0.59,19619.81,897477.12,20.43,114.83,13.68,50.91,68.45
104,1.43,0.03,7.4,98.1,7010.67,7125.8,14.73,187306935.05,62580324.79,138948.0,138948.0,16400.0,1437.94,16400.0,0.94,0.99,8340110861.36,187.32,0.01,17989000000.0,0.52,7102.6,652773.9,19.49,122.57,14.72,56.55,68.32
105,3.39,0.03,6.9,95.8,7006.88,7130.9,17.4,204855619.05,63060722.58,126347.0,126345.5,8315.0,1895.27,8315.0,0.93,0.99,8336268789.61,189.46,0.01,20961000000.0,0.58,4038.06,178670.73,19.72,112.46,10.0,45.49,68.56
106,1.14,0.05,7.17,93.67,7060.94,7186.17,16.35,192971140.51,63450947.11,123775.0,123775.0,8259.0,,8259.0,0.93,0.99,8338219830.98,191.84,0.01,20371666666.67,0.59,13906.64,846334.26,14.7,92.0,7.5,48.0,69.21
107,3.47,0.03,7.7,96.1,7012.89,7158.7,14.67,194035324.84,62990772.32,126163.5,126158.5,8251.0,1890.15,8251.0,0.91,0.99,8334242385.62,189.55,0.01,21128000000.0,0.57,5021.21,241943.28,17.92,111.66,9.11,51.0,68.6
108,3.16,0.03,7.2,99.3,7009.95,7142.5,13.3,206523195.11,63027612.09,127434.0,127431.0,8341.5,1901.8,8341.5,0.93,0.99,8337158279.05,189.19,0.01,21040000000.0,0.57,5484.48,238659.85,19.63,110.24,9.94,49.82,68.63
109,3.0,0.03,7.6,125.1,7014.63,7133.0,20.23,208960199.48,63228049.98,126803.0,126803.0,10947.5,1447.37,10947.5,0.93,0.99,8340516758.77,190.4,0.01,21796000000.0,0.59,6753.76,296824.56,20.2,116.35,13.48,47.39,68.58
110,2.22,0.04,8.1,122.0,7011.89,7125.5,18.93,192288013.01,63305054.45,123593.0,123593.0,16527.0,990.94,16527.0,0.93,0.99,8341577914.18,190.4,0.01,22178000000.0,0.61,8827.26,393960.73,20.18,113.35,20.07,46.4,68.63
111,0.85,0.04,7.3,92.7,6991.69,7114.1,14.53,187386599.72,62883770.38,142585.0,142585.0,33132.0,,33132.0,0.92,0.99,8334023706.71,186.02,0.01,19677000000.0,0.56,20157.74,1845998.23,20.57,130.59,20.45,47.57,68.14
112,3.44,0.03,7.5,118.9,7017.65,7145.4,19.56,200952542.53,63184997.53,124010.0,124010.0,8267.0,1894.89,8267.0,0.92,0.99,8333914883.71,189.53,0.01,21286000000.0,0.59,4009.68,178120.21,19.57,106.18,9.94,44.94,68.61
113,2.56,0.98,8.0,101.0,7019.75,7138.3,11.92,198225026.38,63244335.45,136051.5,136047.5,16439.5,991.85,16439.5,0.93,0.99,8339098294.54,190.32,0.01,21913000000.0,0.62,7578.86,381898.57,17.34,118.9,17.23,44.94,68.66
114,0.93,0.04,7.3,115.9,6973.74,7121.2,19.48,187148359.99,62581999.71,141684.0,141684.0,21506.0,,21506.0,0.9,0.99,8329847798.44,185.36,0.01,19091000000.0,0.53,20821.79,1927937.37,21.24,128.96,21.12,47.66,67.97
115,3.76,0.03,7.7,105.1,7007.51,7133.3,16.73,192544866.54,63110064.15,122726.5,122721.5,8307.5,1899.68,8307.5,0.93,0.99,8336261363.39,190.02,0.01,21013000000.0,0.58,4005.84,181660.11,19.58,107.13,9.92,46.29,68.65
116,1.29,2.01,7.8,87.4,6972.66,7094.2,12.78,187167144.21,62838426.16,127256.0,127249.0,8294.0,,8294.0,0.92,0.99,8331829675.41,184.5,0.01,21538000000.0,0.6,21592.2,871302.03,22.66,115.55,11.58,49.34,67.02
117,2.51,0.04,8.2,113.5,7005.66,7138.9,19.19,209638599.86,63208885.58,124825.5,124825.5,16328.0,990.98,16328.0,0.91,0.99,8334151490.04,189.42,0.01,21634000000.0,0.6,9235.07,411011.76,20.67,114.64,20.56,42.85,68.41
118,2.55,0.04,7.9,112.4,7015.19,7139.0,16.33,200260350.83,63228284.16,123024.5,123024.5,16422.5,991.71,16422.5,0.92,0.99,8334050995.57,189.24,0.01,22060000000.0,0.61,6614.91,308447.57,20.0,109.57,19.89,45.15,68.62
119,3.72,0.03,7.4,99.2,7011.62,7128.7,14.03,194407870.28,62999528.26,124785.0,124785.0,8307.0,1890.15,8307.0,0.93,0.99,8339613338.34,190.14,0.01,21420000000.0,0.59,3923.43,172878.15,19.17,107.31,9.72,46.53,68.64
120,3.49,0.64,7.2,100.5,7034.04,7152.6,15.17,205420516.99,63074853.42,137982.0,137978.0,8253.5,1904.53,8253.5,0.93,0.99,8341231829.7,189.8,0.01,21046000000.0,0.59,4899.31,238082.47,17.55,121.9,8.88,49.63,68.78
121,0.88,0.04,7.1,87.4,7008.42,7120.7,14.96,193707387.1,62824614.23,140594.0,140594.0,32819.0,,32819.0,0.93,0.99,8340942153.46,186.83,0.01,19114000000.0,0.55,20134.53,1867602.9,20.55,132.01,20.44,55.3,68.27
122,1.21,0.05,8.1,127.1,7012.31,7133.2,20.23,189294360.77,63430728.78,125021.0,125017.5,16516.5,,16516.5,0.93,0.99,8339794505.53,189.97,0.01,22588000000.0,0.61,19531.87,898865.5,19.94,114.8,19.82,50.95,68.6
123,1.3,0.03,7.1,84.7,7016.83,7146.2,14.85,193651036.29,62632100.4,144529.0,144529.0,32727.0,994.96,32727.0,0.92,0.99,8334392972.99,186.28,0.01,18499000000.0,0.55,7739.91,816176.99,17.75,125.84,17.58,53.61,68.22
124,3.32,0.03,7.4,112.2,7014.39,7135.7,19.97,204766106.2,63068702.18,125522.0,125514.5,8161.5,1932.42,8161.5,0.93,0.99,8338369426.18,189.62,0.01,21119000000.0,0.58,4074.87,182065.87,20.15,114.84,10.03,46.95,68.67
125,3.15,0.03,7.9,112.5,7018.26,7146.4,16.02,200736115.91,63123060.33,127708.0,127705.0,11000.5,1441.96,11000.5,0.92,0.99,8335293894.12,189.53,0.01,21361000000.0,0.59,6480.93,290811.82,19.35,108.45,12.94,45.62,68.66
126,3.18,0.03,6.8,96.2,6979.83,7110.8,18.5,210024110.67,62980992.62,125506.0,125506.0,10894.5,1447.26,10894.5,0.91,0.99,8334165674.67,189.23,0.01,21715000000.0,0.58,6555.94,287418.55,19.92,107.82,13.3,43.38,68.52
127,1.18,0.05,8.3,108.5,7019.79,7135.9,15.49,191757502.82,63487663.63,122924.5,122921.5,16273.5,,16273.5,0.93,0.99,8340021491.39,189.82,0.01,22463000000.0,0.6,17726.92,895959.91,18.12,111.64,17.69,49.66,68.68
128,3.51,0.03,7.4,109.4,6997.09,7120.3,19.01,195955283.53,62998750.09,127615.5,127615.0,8322.5,1899.48,8322.5,0.92,0.99,8334607306.57,189.37,0.01,21357000000.0,0.58,5675.55,259457.05,20.62,117.86,10.45,47.51,68.54
129,1.15,2.1,8.1,125.2,7009.66,7122.2,18.32,193934193.57,63309203.13,134187.5,134182.5,16471.5,,16471.5,0.93,0.99,8340095456.83,189.78,0.01,22321000000.0,0.62,18766.8,857868.18,19.17,118.51,19.04,47.62,68.57
130,3.52,0.03,8.25,90.0,7087.18,7209.0,15.28,192900120.61,64258611.57,123520.0,123515.0,8380.0,1909.37,8380.0,0.93,0.99,8337804065.39,197.47,0.01,22745000000.0,0.58,4511.27,182461.2,22.11,140.23,11.13,45.81,70.84
131,3.19,0.03,7.7,116.5,7023.73,7152.3,19.49,199594893.87,63170495.06,126589.5,126585.5,8313.0,1903.75,8313.0,0.93,0.99,8335424461.54,189.16,0.01,21232000000.0,0.58,5016.94,255354.11,17.96,114.12,9.09,50.01,68.63
132,1.39,0.05,8.1,114.2,7026.36,7144.1,16.0,191126630.33,63484226.15,121928.0,121922.0,16339.5,,16339.5,0.93,0.99,8339269959.03,189.53,0.01,22528000000.0,0.62,17350.91,873761.95,17.71,108.57,17.61,45.05,68.64
133,2.56,0.03,7.5,93.6,7027.81,7155.9,11.56,193202127.02,63272223.08,123855.0,123849.5,10927.0,1443.06,10927.0,0.92,0.99,8334544272.7,189.4,0.01,21348000000.0,0.59,6745.96,312870.84,20.48,113.38,13.69,49.02,68.61
134,2.24,0.04,8.9,114.3,7037.21,7165.7,13.73,195759999.22,63406261.15,124440.5,124440.5,16416.0,995.67,16416.0,0.93,0.99,8336427649.11,189.68,0.01,22015000000.0,0.6,8832.86,404761.6,19.82,110.78,19.66,43.62,68.55
135,2.23,0.04,7.8,99.2,7018.27,7139.0,12.34,197190254.58,63301568.16,123955.0,123952.0,16540.0,990.93,16539.0,0.93,0.99,8337001335.47,189.22,0.01,22138000000.0,0.61,8728.9,406822.35,19.95,111.01,19.84,46.45,68.63
136,3.15,0.03,7.1,91.3,7017.43,7140.5,14.43,195941801.73,63186421.44,122325.5,122323.0,10952.0,1445.88,10952.0,0.93,0.99,8336503365.75,190.12,0.01,21483000000.0,0.59,6402.95,292114.52,19.46,106.09,12.99,43.96,68.64
137,2.4,0.04,8.3,111.3,7024.03,7141.1,14.4,211701114.02,63307361.11,125712.5,125710.5,16563.0,991.56,16563.0,0.93,0.99,8339855146.3,190.77,0.01,22040000000.0,0.6,8976.35,411633.21,20.11,113.87,19.99,46.31,68.61
138,2.33,0.04,8.6,122.0,7026.1,7141.4,15.23,203587002.57,63420166.47,125767.5,125765.5,16412.5,990.9,16412.5,0.93,0.99,8342023853.63,190.58,0.01,22166000000.0,0.61,9293.05,417102.42,20.81,119.09,20.7,44.44,68.65
139,2.95,0.03,7.0,107.9,7041.16,7163.6,15.47,207623272.2,63221705.49,127443.5,127443.5,8302.0,1897.44,8302.0,0.93,0.99,8336468840.63,189.96,0.01,21001000000.0,0.58,5627.45,251101.84,20.13,114.61,10.2,46.01,68.54
140,2.72,0.03,9.0,107.0,7128.01,7256.67,20.68,199843872.93,65420037.8,124353.0,124350.0,10904.0,1424.34,10904.0,0.93,0.99,8344824609.39,202.94,0.02,26316666666.67,0.59,9813.92,286344.48,29.48,185.11,19.95,47.59,71.54
141,2.23,0.04,7.9,105.2,7024.32,7147.1,14.38,199684317.92,63350103.17,127016.5,127016.5,16555.0,991.75,16555.0,0.93,0.99,8335403120.79,189.62,0.01,22191000000.0,0.59,7923.7,402418.31,18.12,114.42,18.02,43.43,68.54
142,3.39,0.03,7.6,98.1,7011.78,7144.0,17.11,192471248.29,63075243.22,121884.5,121884.5,10915.0,1436.83,10915.0,0.92,0.99,8333891607.74,189.22,0.01,21205000000.0,0.59,4988.34,227539.95,20.23,109.12,13.54,43.56,68.6
143,3.7,0.03,7.4,97.8,7011.95,7137.4,18.6,192674271.99,63132817.68,123588.5,123583.5,8289.5,1902.61,8289.5,0.92,0.99,8334501141.52,189.85,0.01,21017000000.0,0.58,4987.88,245655.33,18.13,107.61,9.18,47.62,68.62
144,2.83,0.04,7.6,96.9,7022.32,7142.5,15.74,209008343.25,63304855.72,123095.5,123094.0,16500.0,991.73,16500.0,0.93,0.99,8340182161.44,189.77,0.01,21999000000.0,0.61,6663.93,292456.96,20.16,111.5,20.04,49.73,68.61
145,3.47,0.03,7.4,97.2,7011.72,7129.7,15.24,195478890.69,63150854.35,123825.0,123822.0,8292.5,1900.57,8292.5,0.93,0.99,8338733572.45,189.79,0.01,21380000000.0,0.59,4153.99,183872.93,20.31,113.25,10.28,45.91,68.68
146,3.71,0.03,7.5,109.2,7014.3,7140.9,18.88,194019832.4,63192715.24,126251.5,126251.5,8332.0,1904.79,8332.0,0.92,0.99,8333949812.5,189.42,0.01,21916000000.0,0.59,3684.68,185664.48,18.02,112.29,9.12,44.38,68.63
147,1.99,0.04,7.8,112.1,7021.98,7139.7,21.46,203724684.43,63297108.5,124197.0,124187.5,16540.5,990.91,16540.5,0.93,0.99,8339822081.48,190.35,0.01,22093000000.0,0.61,8990.9,401898.61,20.56,114.59,20.44,49.98,68.54
148,2.82,0.78,7.5,107.1,7018.83,7144.2,17.4,210940668.63,63205824.62,137747.5,137738.5,11039.0,1442.76,11039.0,0.92,0.99,8334716275.01,189.9,0.01,21798000000.0,0.6,6679.59,307922.14,19.94,122.6,13.34,49.8,68.63
149,2.89,0.73,7.3,104.3,7034.17,7158.9,19.28,197063550.09,63263504.71,139056.5,139053.0,9939.5,1604.3,9939.5,0.93,0.99,8337935267.99,190.17,0.01,21823000000.0,0.6,5433.76,272288.45,17.75,124.13,10.66,48.15,68.59
150,1.47,0.05,8.0,109.4,7076.15,7195.4,19.83,186790182.96,64010832.77,119686.0,119682.0,8214.0,,8214.0,0.93,0.99,8336419759.86,194.62,0.01,21846000000.0,0.59,16189.54,813058.12,17.07,99.09,8.69,48.72,69.9
151,2.27,0.04,8.6,119.7,7031.22,7161.3,14.58,203613153.46,63341826.56,124532.0,124525.5,16265.5,1010.7,16265.5,0.93,0.99,8336534542.84,189.7,0.01,22072000000.0,0.6,8700.37,395590.9,19.75,110.29,19.3,46.5,68.57
152,1.14,0.05,7.8,104.8,7034.0,7157.5,13.85,193086463.73,63533692.54,128282.0,128282.0,11045.0,,11045.0,0.93,0.99,8337554814.89,189.74,0.01,22110000000.0,0.6,20050.48,915175.4,20.88,122.34,14.02,49.9,68.55
153,1.21,0.05,8.1,101.1,7005.14,7131.2,13.31,195011349.78,63416380.15,122479.5,122474.5,16379.5,,16379.5,0.91,0.99,8334323979.13,189.54,0.01,22420000000.0,0.61,19161.23,875622.64,19.56,110.31,19.45,51.24,68.47
154,3.27,0.03,7.5,126.1,7000.19,7146.8,18.47,202377474.84,62986003.63,124209.5,124208.0,8311.5,1906.58,8311.5,0.9,0.99,8329643214.28,189.25,0.01,21307000000.0,0.57,5605.42,255441.18,20.06,108.74,10.15,49.26,68.44
155,1.17,0.05,8.2,108.5,7009.41,7128.0,18.37,190816608.54,63423375.45,126219.5,126219.5,16669.5,,16669.5,0.92,0.99,8334555403.13,189.22,0.01,22743000000.0,0.61,19270.49,879271.97,19.67,111.9,19.55,51.3,68.46
156,2.19,1.01,8.4,114.5,7023.83,7149.6,11.95,213087959.99,63378047.39,138742.0,138742.0,16537.0,994.46,16537.0,0.93,0.99,8336652745.09,189.58,0.01,22397000000.0,0.62,8501.44,398926.93,19.08,117.09,18.93,45.31,68.58
157,3.06,0.78,7.4,92.4,7028.48,7143.2,12.84,207397865.19,63169520.28,136250.0,136247.5,10993.5,1442.91,10993.5,0.93,0.99,8339668736.74,190.34,0.01,21450000000.0,0.6,5976.76,296363.11,17.85,121.01,11.94,45.87,68.75
158,3.39,0.51,7.1,104.2,7003.39,7125.8,15.77,203047207.99,63015495.66,137980.5,137975.5,8317.0,1897.92,8317.0,0.92,0.99,8335403702.54,189.66,0.01,21285000000.0,0.6,4114.89,183522.07,20.11,125.56,10.19,49.69,68.64
159,3.44,0.03,7.8,106.8,7016.18,7138.7,18.92,191360794.34,63213379.23,122821.0,122815.5,10971.5,1438.19,10971.5,0.93,0.99,8340301271.93,190.45,0.01,21491000000.0,0.6,4862.19,209988.65,19.69,108.81,13.2,46.57,68.8
160,3.29,0.03,7.1,107.3,7021.2,7137.9,14.76,206248320.5,63137172.88,123637.5,123635.0,10954.5,1441.78,10954.5,0.93,0.99,8339048578.6,189.9,0.01,21328000000.0,0.6,4818.13,220641.6,19.56,109.44,13.07,44.92,68.66
161,3.03,0.03,7.2,89.6,7001.52,7116.8,17.11,202627325.44,63024687.97,129810.0,129810.0,8318.5,1901.84,8318.5,0.93,0.99,8337975257.41,189.57,0.01,21176000000.0,0.58,5730.92,256302.92,20.84,121.81,10.55,47.33,68.5
162,1.13,0.05,8.1,121.6,7009.49,7126.3,19.91,202860759.67,63310063.27,126654.5,126654.5,11068.5,,11068.5,0.93,0.99,8336659666.74,189.61,0.01,22566000000.0,0.6,18768.6,857453.5,19.56,112.62,13.1,47.73,68.49
163,2.87,0.75,8.0,108.3,7016.12,7139.8,15.66,207636674.54,63195791.99,133312.5,133312.5,16577.0,990.96,16576.0,0.93,0.99,8335069647.03,189.42,0.01,22223000000.0,0.63,6352.76,292924.37,19.21,114.61,19.1,44.98,68.63
164,1.79,0.03,6.9,104.8,6998.87,7120.2,17.41,194217083.63,62425776.21,142095.0,142095.0,16355.0,1438.34,16355.0,0.93,0.99,8337204767.17,186.12,0.01,17705000000.0,0.52,7217.21,651552.72,19.84,126.28,14.95,50.02,68.18
165,3.39,0.03,7.4,99.9,7017.17,7133.3,14.34,194458263.7,63111630.58,124769.0,124769.0,8260.0,1897.61,8260.0,0.93,0.99,8340650963.48,190.87,0.01,20864000000.0,0.58,4089.14,178555.46,19.98,113.89,10.13,46.57,68.77
166,3.34,0.03,8.0,96.8,7021.39,7132.4,12.01,191013826.16,63272579.13,125180.0,125166.0,11057.0,1455.6,11057.0,0.93,0.99,8341990889.74,193.57,0.01,21656000000.0,0.6,5696.04,220587.5,23.24,115.46,15.42,49.46,69.59
167,2.25,0.04,7.6,106.1,7015.84,7130.4,15.75,201615118.52,63229404.98,124760.5,124756.5,16323.0,1008.13,16323.0,0.92,0.99,8339949153.95,189.71,0.01,21852000000.0,0.6,8827.7,394718.22,20.42,112.86,19.99,45.42,68.57
168,3.75,0.03,7.5,101.9,7011.12,7135.4,17.19,192701853.55,63158413.07,123166.0,123163.0,8277.0,1904.6,8277.0,0.91,0.99,8333632372.5,189.05,0.01,21226000000.0,0.58,4192.78,189948.46,20.51,112.2,10.37,51.42,68.63
169,1.2,0.05,8.4,113.5,7018.02,7137.0,15.69,187763035.37,63413228.33,127106.0,127106.0,8322.0,,8322.0,0.93,0.99,8338625093.75,190.34,0.01,22348000000.0,0.6,19453.92,891361.19,20.47,118.39,10.39,49.63,68.54
170,2.51,0.04,7.9,109.9,7019.7,7136.2,15.87,197126154.42,63297351.14,123882.5,123879.0,16505.5,994.8,16505.5,0.93,0.99,8340874901.89,189.91,0.01,21754000000.0,0.6,8515.4,378067.82,19.52,109.09,19.35,48.41,68.54
171,2.5,0.04,8.6,123.7,7011.67,7136.9,16.44,204672266.44,63351278.11,125121.0,125121.0,16531.0,996.75,16531.0,0.91,0.99,8334620743.23,189.47,0.01,22043000000.0,0.6,8363.72,430237.26,18.78,115.91,18.61,41.75,68.53
172,2.27,0.98,8.5,119.7,7009.96,7131.4,15.36,208897422.32,63247742.81,138230.5,138226.5,16551.0,992.09,16551.0,0.92,0.99,8334450729.55,189.38,0.01,22177000000.0,0.62,9057.28,401376.91,20.29,124.7,20.16,47.71,68.53
173,3.05,0.03,7.5,86.9,7008.53,7125.7,12.56,197897084.62,63170269.9,127134.0,127129.5,11014.5,1449.85,11014.5,0.93,0.99,8338523889.9,189.82,0.01,21304000000.0,0.59,6345.18,278031.87,19.32,112.31,12.87,45.27,68.49
174,2.13,1.01,8.4,121.6,7019.41,7135.2,17.73,205758323.85,63303881.24,136472.5,136467.5,16476.5,991.3,16476.5,0.93,0.99,8339647959.93,190.07,0.01,22256000000.0,0.63,8819.01,396143.97,19.76,123.69,19.64,46.81,68.56
175,3.44,0.03,7.5,113.9,7016.13,7140.2,17.61,204538390.15,63152848.88,126723.5,126719.5,8365.0,1887.32,8365.0,0.93,0.99,8337464032.09,190.01,0.01,21138000000.0,0.58,5670.93,252138.23,20.23,115.87,10.3,47.57,68.58
176,2.75,0.03,7.3,89.0,7019.88,7144.5,14.7,192882133.55,63205329.86,125826.0,125823.0,11045.5,1440.71,11045.5,0.92,0.99,8336454792.53,189.58,0.01,21210000000.0,0.59,6624.36,305271.25,20.11,113.89,13.45,44.27,68.58
177,3.08,0.51,7.4,120.3,7021.96,7145.5,24.62,199986168.9,63118185.91,137034.5,137034.5,8302.5,1885.72,8302.5,0.93,0.99,8337809408.0,189.79,0.01,21475000000.0,0.6,4072.27,181687.87,19.85,122.13,10.1,46.27,68.68
178,2.76,0.76,7.7,116.8,7025.93,7147.0,17.29,207498509.93,63176170.94,139574.0,139574.0,10981.5,1439.85,10981.5,0.93,0.99,8338029321.65,189.68,0.01,21697000000.0,0.61,6733.43,297426.46,20.11,126.45,13.45,46.66,68.53
179,1.18,0.05,8.0,109.4,7018.01,7138.2,17.75,192611017.73,63409913.85,125780.5,125780.0,11043.0,,11043.0,0.93,0.99,8336546053.19,189.59,0.01,22030000000.0,0.6,18040.14,912268.67,18.79,118.21,12.56,47.57,68.6
180,1.7,1.2,6.4,88.7,6991.23,7117.1,17.41,193897766.18,62396668.08,164038.0,164029.0,16489.0,1432.98,16489.0,0.93,0.99,8333953380.17,186.27,0.01,18519000000.0,0.54,5221.23,472311.66,19.4,135.5,14.68,57.58,68.17
181,3.34,0.03,7.3,92.5,7008.16,7127.8,13.7,206047816.82,63120409.79,126158.5,126156.5,8319.5,1899.02,8319.5,0.93,0.99,8337814121.37,190.23,0.01,21368000000.0,0.59,4079.9,185819.68,19.94,113.74,10.11,46.28,68.7
182,2.71,0.03,7.9,104.7,7023.12,7143.5,15.23,198530487.33,63226033.0,127145.5,127144.0,11010.0,1447.69,11010.0,0.93,0.99,8338021907.29,189.65,0.01,21556000000.0,0.59,5977.02,301087.86,17.88,112.01,11.93,47.68,68.57
183,1.12,0.05,8.0,108.0,7011.23,7135.6,15.9,195019368.1,63420286.31,126225.0,126225.0,11097.0,,11097.0,0.93,0.99,8334626660.17,189.44,0.01,22494000000.0,0.6,19291.5,882687.93,20.09,115.98,13.51,45.23,68.48
184,1.21,0.05,8.0,105.6,7030.05,7154.8,17.89,190839023.2,63517587.98,125919.0,125916.5,9927.5,,9927.5,0.93,0.99,8336879604.13,189.8,0.01,22323000000.0,0.6,17080.23,864114.08,17.86,115.09,10.87,48.46,68.54
185,1.13,0.05,7.7,97.4,7000.62,7121.6,16.47,201001844.78,63287088.98,126088.5,126086.5,11016.5,,11016.5,0.92,0.99,8333955095.74,189.23,0.01,22208000000.0,0.6,18846.66,862452.1,19.64,111.33,13.14,47.23,68.46
186,1.23,0.05,8.0,95.7,6997.25,7121.1,14.57,191954217.23,63218070.1,122999.0,122994.5,8273.5,,8273.5,0.91,0.99,8333713313.02,189.42,0.01,21718000000.0,0.59,19701.64,900422.44,20.72,113.23,10.5,45.42,68.43
187,3.24,0.03,7.6,83.3,7029.18,7157.8,14.5,192084071.78,63267533.0,126636.0,126635.0,8443.0,1862.22,8443.0,0.92,0.99,8335342425.79,190.14,0.01,21239000000.0,0.58,5101.48,260302.49,18.36,115.22,9.45,49.51,68.62
188,2.44,0.03,7.8,124.1,7033.7,7161.2,17.04,202276178.9,63312252.46,125715.5,125710.0,11052.5,1441.29,11052.5,0.92,0.99,8334889007.49,189.46,0.01,21581000000.0,0.59,6173.03,319685.38,18.43,115.81,12.33,49.37,68.63
189,1.8,1.19,6.1,86.3,7007.79,7135.0,17.14,194414701.77,62525595.39,156653.0,156644.0,16485.0,1424.03,16485.0,0.92,0.99,8333424319.44,186.05,0.01,18516000000.0,0.55,4628.77,485887.07,17.18,133.41,13.02,48.34,68.23
190,1.11,0.05,8.3,118.0,7010.36,7129.9,15.48,187570752.78,63399937.15,126408.0,126408.0,16601.0,,16601.0,0.93,0.99,8337094330.99,189.33,0.01,22347000000.0,0.61,19485.99,890838.26,19.89,112.94,19.78,48.87,68.48
191,2.17,0.03,6.4,94.5,7005.38,7132.1,18.22,189068644.09,62510539.8,140075.0,140072.0,10983.0,1759.77,10983.0,0.92,0.99,8333739206.86,186.42,0.01,18021000000.0,0.52,5464.57,565948.96,18.01,123.26,10.65,47.62,68.25
192,1.54,1.32,6.3,87.1,6997.65,7120.4,15.86,193894206.19,62368370.31,163651.0,163643.0,10988.0,1773.82,10988.0,0.93,0.99,8335268760.12,185.89,0.01,18015000000.0,0.53,5802.57,523747.69,19.18,141.22,11.31,55.83,68.09
193,3.28,0.03,7.3,119.4,7018.18,7140.4,24.38,202709305.16,63200162.0,127075.0,127074.5,11048.0,1441.47,11048.0,0.92,0.99,8336846111.91,189.45,0.01,21906000000.0,0.6,4904.67,224579.97,19.9,114.77,13.31,47.95,68.65
194,3.38,0.03,7.5,112.6,7016.47,7138.7,20.12,192197328.03,63186544.57,126087.0,126082.5,8349.5,1873.66,8349.5,0.93,0.99,8336477744.97,190.1,0.01,21383000000.0,0.59,4182.04,181019.62,20.32,115.24,10.39,45.07,68.66
195,1.72,0.03,7.2,86.4,7001.26,7137.4,12.93,192016363.25,62520475.47,139843.0,139843.0,16271.0,1429.43,16271.0,0.92,0.99,8334422876.75,186.28,0.01,18371000000.0,0.52,6596.59,663129.58,18.05,119.67,13.68,52.8,68.26
196,2.45,0.04,8.2,121.5,7023.98,7145.6,18.54,197590805.11,63228139.16,130018.0,130014.0,11117.0,1436.42,11117.0,0.92,0.99,8335839285.43,190.05,0.01,21501000000.0,0.59,6675.77,303994.82,19.9,116.74,13.35,51.11,68.49
197,1.13,2.05,8.4,113.5,7011.83,7131.5,16.3,192073737.11,63386921.92,136858.5,136851.5,16616.5,,16616.5,0.93,0.99,8336281778.09,189.02,0.01,22624000000.0,0.63,19527.84,891775.18,19.94,124.24,19.82,46.67,68.49
198,2.06,0.02,6.2,84.9,7000.66,7125.2,13.82,192200631.16,62446473.87,146331.0,146331.0,10998.0,1767.01,10998.0,0.93,0.99,8335027449.32,186.07,0.01,17857000000.0,0.52,6103.4,544403.65,20.14,132.82,11.9,50.2,68.15
199,2.17,0.04,8.8,116.8,7017.29,7137.4,13.98,196685941.12,63218093.36,127112.5,127110.0,16564.0,990.89,16564.0,0.93,0.99,8336923947.78,189.33,0.01,22429000000.0,0.61,9304.86,416523.04,20.83,116.3,20.72,50.16,68.46
200,1.36,0.03,7.0,92.9,7006.34,7124.7,16.46,197008317.71,62569231.59,145973.0,145973.0,16539.0,1426.99,16539.0,0.93,0.99,8337898363.92,186.66,0.01,18098000000.0,0.53,7483.42,677256.07,20.48,132.97,15.52,49.22,68.24
201,2.19,0.04,8.1,105.6,7031.08,7156.1,18.01,192070190.43,63390464.65,125508.0,125508.0,16533.5,990.95,16533.5,0.93,0.99,8335700891.08,190.07,0.01,21918000000.0,0.6,7835.66,408619.68,17.92,111.83,17.82,44.86,68.56
202,3.28,0.03,7.7,93.0,7014.85,7144.3,14.63,193734209.48,63199342.21,125287.0,125287.0,10999.5,1436.65,10999.5,0.92,0.99,8334823115.32,189.35,0.01,21559000000.0,0.6,4949.86,226083.99,20.06,111.44,13.44,47.66,68.63
203,1.15,0.05,8.0,108.9,7009.3,7128.9,16.82,198741371.79,63467733.57,125451.5,125449.0,16654.0,,16654.0,0.93,0.99,8338591251.29,189.52,0.01,23124000000.0,0.61,19937.89,910826.65,20.36,114.76,20.24,49.64,68.5
204,2.75,0.03,7.3,91.1,7033.27,7151.5,16.07,197171764.69,63299067.08,126957.0,126950.0,11059.5,1441.22,11059.5,0.93,0.99,8338723611.46,190.29,0.01,21506000000.0,0.59,6606.17,289548.79,20.04,115.1,13.41,49.35,68.62
205,2.04,0.03,6.4,82.1,7009.36,7136.0,16.33,194065841.44,62429640.39,141704.0,141695.0,11013.0,1767.93,11013.0,0.93,0.99,8335091251.94,186.07,0.01,17876000000.0,0.52,6167.82,548582.73,20.01,128.22,11.83,53.45,68.17
206,3.17,0.64,7.2,86.6,7034.48,7158.6,15.41,202007671.3,63256357.4,139882.5,139882.5,8316.0,1906.54,8316.0,0.92,0.99,8336202927.12,189.35,0.01,21439000000.0,0.6,4971.89,252379.5,18.09,124.48,9.15,46.81,68.64
207,3.8,0.49,7.4,108.4,7023.2,7152.3,17.79,201230794.43,63182701.51,136124.0,136123.0,8355.0,1881.29,8355.0,0.92,0.99,8334567961.23,189.49,0.01,21476000000.0,0.6,4078.84,184297.63,19.83,120.1,10.13,45.92,68.65
208,1.1,0.05,8.2,117.7,7017.42,7138.2,19.19,189779198.65,63497453.96,126818.0,126818.0,16590.0,,16590.0,0.93,0.99,8335089669.94,189.4,0.01,22437000000.0,0.61,20064.66,937045.13,20.48,118.44,20.36,48.43,68.49
209,1.13,0.05,8.2,106.4,7008.38,7125.6,16.88,191864410.64,63477168.55,122779.0,122774.5,16595.5,,16595.5,0.93,0.99,8338540276.87,190.09,0.01,22463000000.0,0.62,19712.15,900197.06,20.12,113.12,20.01,46.49,68.53
210,1.19,0.05,7.9,98.9,7023.26,7146.8,16.73,194870722.23,63395583.67,124539.5,124539.5,8272.5,,8272.5,0.92,0.99,8337575063.37,189.64,0.01,21957000000.0,0.59,17894.04,903834.45,18.82,119.14,9.54,47.03,68.46
211,2.22,0.96,8.2,102.8,7009.16,7128.2,14.72,203461420.66,63289776.1,139670.0,139668.5,16622.0,991.17,16622.0,0.93,0.99,8339364567.19,189.78,0.01,22615000000.0,0.62,8561.85,383418.11,19.59,122.04,19.47,45.38,68.54
212,3.39,0.03,7.6,112.8,7008.13,7130.1,17.37,190004352.85,63061666.93,121965.0,121956.5,10932.5,1443.18,10932.5,0.92,0.99,8338767313.45,189.79,0.01,21660000000.0,0.6,5001.53,222697.5,20.3,111.36,13.57,46.49,68.63
213,3.14,0.04,8.2,110.5,7017.18,7135.0,16.46,195342576.19,63193278.19,120750.5,120746.5,16518.5,991.02,16518.5,0.93,0.99,8339824117.61,189.67,0.01,21767000000.0,0.62,6376.09,285859.11,19.29,104.76,19.17,46.61,68.6
